speech_recognition,start,end,max_confidence,mean_confidence,recognized_text
speech,7.25,8.3,0.9045181274414062,0.879953920841217,my mind
speech,8.57,9.3,0.8483999371528625,0.8391740322113037,the
