speech_recognition,start,end,max_confidence,mean_confidence,recognized_text
speech,1.25,1.61,0.4082976281642914,0.408297598361969,
speech,3.25,9.3,0.7704368829727173,0.7393321394920349,i'd be kicked habit of my mind as breathing
speech,10.25,11.3,0.5798985362052917,0.5387769937515259,
speech,14.25,15.3,0.5887125730514526,0.570402204990387,
speech,26.25,27.3,0.7472481727600098,0.74315345287323,
